Post Title,Post URL,Author,Status,Last Edit Date,Categories,Rank Math Score,Rank Math Main Keyword,Rank Math Additional Keywords,Rank Math Structured Data Type,Rank Math Internal Links,Rank Math External Links,Rank Math Incoming Links
3 Formas de Gerar Tráfego Qualificado para seu e-Commerce,https://villalobos.com.br/sem-categoria/3-formas-de-gerar-trafego-qualificado-para-seu-e-commerce/,Pedro Villalobos,publish,2025-08-15 18:29:29,Sem categoria,6,,,Artigo (Blog Posting),,,
VPN - Internet Segura de forma Fácil,https://villalobos.com.br/recomendacao/vpn/,Pedro Villalobos,publish,2025-08-15 18:29:09,Recomendações,84,vpn,,Article,3,5,1
Segurança no WordPress: Blindando seu site em 10 minutos,https://villalobos.com.br/otimizacao/seguranca-wordpress/,Pedro Villalobos,publish,2025-08-15 18:29:09,Otimizações,75,segurança no wordpress,segurança wordpress,Article,1,6,
Aproveitando o Tráfego Orgânico,https://villalobos.com.br/otimizacao/aproveitando-trafego-organico/,Pedro Villalobos,publish,2025-08-15 18:29:09,Otimizações,81,tráfego orgânico,,Article,2,11,2
Acelerando seu site WordPress,https://villalobos.com.br/otimizacao/acelerando-wordpress/,Pedro Villalobos,publish,2025-08-15 18:29:04,Otimizações,23,acelerar wordpress,,Article,,5,1
Como Ganhar Links com Domínios Expirados: Uma estratégia que funciona,https://villalobos.com.br/recomendacao/ganhar-links-com-dominios-expirados/,Pedro Villalobos,publish,2025-08-15 18:29:04,Recomendações,84,ganhar link,ganhar links,Article,1,9,
Como Escolher seu Público e parar de Jogar Dinheiro Fora com Marketing de Conteúdo,https://villalobos.com.br/marketing/como-escolher-seu-publico/,Pedro Villalobos,publish,2025-08-15 18:29:03,Marketing,79,como escolher seu público,marketing de conteúdo,Article,3,2,
Curso da Crise: Cresça ou Crie seu Micro Negócio com a Ajuda da Internet,https://villalobos.com.br/cursos/curso-da-crise/,Pedro Villalobos,publish,2025-08-15 18:29:01,Cursos,71,curso da crise,,Article,,6,
